<?xml version="1.0" encoding="UTF-8" standalone="yes"?>
<contentHaul xmlns:a="http://www.appian.com/ae/types/2009">
    <versionUuid>_a-0000ea1b-c5ba-8000-9ba9-011c48011c48_10390</versionUuid>
    <outboundIntegration>
        <name>RRNRD_ExecuteNasdaqWebSearch</name>
        <uuid>597cc3a8-bf8b-4d35-8c86-493a6e9ab46f</uuid>
        <description>Integration used to execute the Nasdaq Web Search robotic task.</description>
        <parentUuid>_a-0000ea1b-c5ba-8000-9ba9-011c48011c48_10340</parentUuid>
        <visibility>
            <advertise>false</advertise>
            <hierarchy>true</hierarchy>
            <indexable>true</indexable>
            <quota>false</quota>
            <searchable>true</searchable>
            <system>false</system>
            <unlogged>false</unlogged>
        </visibility>
        <definition></definition>
        <namedTypedValue>
            <name>inputSymbol</name>
            <description>This is for the stock ticker passed to the robot.</description>
            <type>
                <name>string</name>
                <namespace>http://www.w3.org/2001/XMLSchema</namespace>
            </type>
            <value/>
        </namedTypedValue>
        <namedTypedValue>
            <name>onSuccess</name>
            <description>A list of saves or an HTTP response to execute after the smart service executes successfully. Created with a!save() or a!httpResponse(). The result of the request is available in the function variable fv!result.</description>
            <type>
                <name>Variant</name>
                <namespace>http://www.appian.com/ae/types/2009</namespace>
            </type>
        </namedTypedValue>
        <namedTypedValue>
            <name>onError</name>
            <description>A list of saves or an HTTP response to execute after the smart service does not execute successfully. Created with a!save() or a!httpResponse(). The result of the request is available in the function variable fv!result. Information about the error is available in the function variable fv!error. If using a Connected System that uses OAuth, whenever there is an error due to missing user authorization, the Connected System will be available in the function variable fv!connectedSystem. The Connected System can be used with the a!authorizationLink function to generate a link end users can click to perform the authorization.</description>
            <type>
                <name>Variant</name>
                <namespace>http://www.appian.com/ae/types/2009</namespace>
            </type>
        </namedTypedValue>
        <metadataExpr>{
deferredRuleInputs: {
    onSuccess: {
      "fv!result": 'type!{http://www.appian.com/ae/types/2009}Dictionary'
    },
    onError: {
      "fv!result": 'type!{http://www.appian.com/ae/types/2009}Dictionary',
      "fv!error": 'type!{http://www.appian.com/ae/types/2009}Dictionary',
      "fv!connectedSystem": 'type!{http://www.appian.com/ae/types/2009}ConnectedSystem'
    }
  }
}</metadataExpr>
        <preferredEditor>legacy</preferredEditor>
        <offlineEnabled>false</offlineEnabled>
        <sharedConfigParameters>
            <a:Dictionary xmlns:xsd="http://www.w3.org/2001/XMLSchema" xmlns:xsi="http://www.w3.org/2001/XMLSchema-instance"/>
        </sharedConfigParameters>
        <configParameters>
            <a:Dictionary xmlns:xsd="http://www.w3.org/2001/XMLSchema" xmlns:xsi="http://www.w3.org/2001/XMLSchema-instance">
                <types xsi:type="a:Dictionary">
                    <instructionsLocalType xsi:type="a:Dictionary">
                        <properties xsi:type="a:Dictionary?list">
                            <item>
<description xsi:nil="true" xsi:type="a:Null"/>
<refresh xsi:type="xsd:string">NEVER</refresh>
<placeholder xsi:nil="true" xsi:type="a:Null"/>
<isImportCustomizable xsi:type="xsd:boolean">false</isImportCustomizable>
<instructionText xsi:type="xsd:string"/>
<isExpressionable xsi:type="xsd:boolean">true</isExpressionable>
<label xsi:type="xsd:string">symbol</label>
<isRequired xsi:type="xsd:boolean">false</isRequired>
<displayHint xsi:type="xsd:string">NORMAL</displayHint>
<hasTransientChoices xsi:type="xsd:boolean">false</hasTransientChoices>
<key xsi:type="xsd:string">symbol</key>
<isHidden xsi:type="xsd:boolean">false</isHidden>
<isMasked xsi:type="xsd:boolean">false</isMasked>
<isReadOnly xsi:type="xsd:boolean">false</isReadOnly>
<type xsi:type="xsd:string">STRING</type>
                            </item>
                        </properties>
                        <name xsi:type="xsd:string">instructionsLocalType</name>
                    </instructionsLocalType>
                    <RootType xsi:type="a:Dictionary">
                        <properties xsi:type="a:Dictionary?list">
                            <item>
<description xsi:nil="true" xsi:type="a:Null"/>
<refresh xsi:type="xsd:string">ALWAYS</refresh>
<placeholder xsi:type="xsd:string">Select a robotic task</placeholder>
<isImportCustomizable xsi:type="xsd:boolean">false</isImportCustomizable>
<instructionText xsi:type="xsd:string">Name of the robotic task to be executed</instructionText>
<isExpressionable xsi:type="xsd:boolean">false</isExpressionable>
<choices xsi:type="a:Dictionary?list">
    <item>
        <name xsi:type="xsd:string">RR-Nasdaq-Desktop-App</name>
        <value xsi:type="xsd:string">645e4214b042c95aa5416301</value>
    </item>
    <item>
        <name xsi:type="xsd:string">RR-Nasdaq-Web-Search</name>
        <value xsi:type="xsd:string">645a4780b042c95aa54162bd</value>
    </item>
</choices>
<label xsi:type="xsd:string">Robotic Task</label>
<isRequired xsi:type="xsd:boolean">true</isRequired>
<displayHint xsi:type="xsd:string">NORMAL</displayHint>
<hasTransientChoices xsi:type="xsd:boolean">false</hasTransientChoices>
<key xsi:type="xsd:string">robot</key>
<isHidden xsi:type="xsd:boolean">false</isHidden>
<isMasked xsi:type="xsd:boolean">false</isMasked>
<isReadOnly xsi:type="xsd:boolean">false</isReadOnly>
<type xsi:type="xsd:string">STRING</type>
                            </item>
                            <item>
<description xsi:type="xsd:string">Only compatible robots (those that share the same permissions as the selected robotic task) are displayed in the dropdown.</description>
<refresh xsi:type="xsd:string">NEVER</refresh>
<placeholder xsi:type="xsd:string">First available robot</placeholder>
<isImportCustomizable xsi:type="xsd:boolean">false</isImportCustomizable>
<instructionText xsi:type="xsd:string">Name of the robot where the robotic task will be executed</instructionText>
<isExpressionable xsi:type="xsd:boolean">true</isExpressionable>
<choices xsi:type="a:Dictionary?list">
    <item>
        <name xsi:type="xsd:string">rr-robot (Online)</name>
        <value xsi:type="xsd:string">645a3e84b042c95aa54162b9#1</value>
    </item>
    <item>
        <name xsi:type="xsd:string">rr-roboto-auto (Online)</name>
        <value xsi:type="xsd:string">645a439eb042c95aa54162bb#1</value>
    </item>
</choices>
<label xsi:type="xsd:string">Robot</label>
<isRequired xsi:type="xsd:boolean">false</isRequired>
<displayHint xsi:type="xsd:string">NORMAL</displayHint>
<hasTransientChoices xsi:type="xsd:boolean">false</hasTransientChoices>
<key xsi:type="xsd:string">node</key>
<isHidden xsi:type="xsd:boolean">false</isHidden>
<isMasked xsi:type="xsd:boolean">false</isMasked>
<isReadOnly xsi:type="xsd:boolean">false</isReadOnly>
<type xsi:type="xsd:string">STRING</type>
                            </item>
                            <item>
<description xsi:type="xsd:string">Execution description will be displayed in the console</description>
<refresh xsi:type="xsd:string">NEVER</refresh>
<placeholder xsi:nil="true" xsi:type="a:Null"/>
<isImportCustomizable xsi:type="xsd:boolean">false</isImportCustomizable>
<instructionText xsi:nil="true" xsi:type="a:Null"/>
<isExpressionable xsi:type="xsd:boolean">true</isExpressionable>
<label xsi:type="xsd:string">Description</label>
<isRequired xsi:type="xsd:boolean">false</isRequired>
<displayHint xsi:type="xsd:string">NORMAL</displayHint>
<hasTransientChoices xsi:type="xsd:boolean">false</hasTransientChoices>
<key xsi:type="xsd:string">description</key>
<isHidden xsi:type="xsd:boolean">false</isHidden>
<isMasked xsi:type="xsd:boolean">false</isMasked>
<isReadOnly xsi:type="xsd:boolean">false</isReadOnly>
<type xsi:type="xsd:string">STRING</type>
                            </item>
                            <item>
<description xsi:nil="true" xsi:type="a:Null"/>
<refresh xsi:type="xsd:string">NEVER</refresh>
<placeholder xsi:type="xsd:string">Select priority</placeholder>
<isImportCustomizable xsi:type="xsd:boolean">false</isImportCustomizable>
<instructionText xsi:type="xsd:string">Priority of the execution request</instructionText>
<isExpressionable xsi:type="xsd:boolean">true</isExpressionable>
<choices xsi:type="a:Dictionary?list">
    <item>
        <name xsi:type="xsd:string">Highest</name>
        <value xsi:type="xsd:string">HIGHEST</value>
    </item>
    <item>
        <name xsi:type="xsd:string">Higher</name>
        <value xsi:type="xsd:string">HIGHER</value>
    </item>
    <item>
        <name xsi:type="xsd:string">High</name>
        <value xsi:type="xsd:string">HIGH</value>
    </item>
    <item>
        <name xsi:type="xsd:string">Normal</name>
        <value xsi:type="xsd:string">NORMAL</value>
    </item>
    <item>
        <name xsi:type="xsd:string">Low</name>
        <value xsi:type="xsd:string">LOW</value>
    </item>
    <item>
        <name xsi:type="xsd:string">Lower</name>
        <value xsi:type="xsd:string">LOWER</value>
    </item>
    <item>
        <name xsi:type="xsd:string">Lowest</name>
        <value xsi:type="xsd:string">LOWEST</value>
    </item>
</choices>
<label xsi:type="xsd:string">Priority</label>
<isRequired xsi:type="xsd:boolean">false</isRequired>
<displayHint xsi:type="xsd:string">NORMAL</displayHint>
<hasTransientChoices xsi:type="xsd:boolean">false</hasTransientChoices>
<key xsi:type="xsd:string">priority</key>
<isHidden xsi:type="xsd:boolean">false</isHidden>
<isMasked xsi:type="xsd:boolean">false</isMasked>
<isReadOnly xsi:type="xsd:boolean">false</isReadOnly>
<type xsi:type="xsd:string">STRING</type>
                            </item>
                            <item>
<description xsi:nil="true" xsi:type="a:Null"/>
<refresh xsi:type="xsd:string">NEVER</refresh>
<placeholder xsi:nil="true" xsi:type="a:Null"/>
<isImportCustomizable xsi:type="xsd:boolean">false</isImportCustomizable>
<instructionText xsi:nil="true" xsi:type="a:Null"/>
<isExpressionable xsi:type="xsd:boolean">true</isExpressionable>
<label xsi:type="xsd:string">Parameters</label>
<isRequired xsi:type="xsd:boolean">true</isRequired>
<displayHint xsi:type="xsd:string">NORMAL</displayHint>
<key xsi:type="xsd:string">instructions</key>
<isHidden xsi:type="xsd:boolean">false</isHidden>
<isReadOnly xsi:type="xsd:boolean">false</isReadOnly>
<type xsi:type="xsd:string">#/types/instructionsLocalType</type>
                            </item>
                        </properties>
                        <name xsi:type="xsd:string">RootType</name>
                    </RootType>
                </types>
                <state xsi:type="a:Dictionary">
                    <a:entry key="#t" xsi:type="xsd:string">#/types/RootType</a:entry>
                    <node xsi:type="xsd:string">645a3e84b042c95aa54162b9#1</node>
                    <description xsi:type="xsd:string"/>
                    <robot xsi:type="xsd:string">645a4780b042c95aa54162bd</robot>
                    <priority xsi:type="xsd:string"/>
                    <instructions xsi:type="a:Dictionary">
                        <a:entry key="#t" xsi:type="xsd:string">#/types/instructionsLocalType</a:entry>
                        <symbol xsi:type="a:Expression">ri!inputSymbol</symbol>
                    </instructions>
                </state>
                <connectedSystemTemplateKey xsi:type="xsd:string"/>
            </a:Dictionary>
        </configParameters>
        <isWrite>true</isWrite>
        <integrationType>plugin.[AppianRPA].[AppianRPA].[AppianRPAExecuteRobotIntegration2].WRITE@2</integrationType>
        <connectedSystemUuid>_a-0000ea1b-c5ba-8000-9ba9-011c48011c48_10333</connectedSystemUuid>
        <isConnectedSystemConnectionOptionSelected>true</isConnectedSystemConnectionOptionSelected>
        <integrationOutputs>
            <a:Dictionary xmlns:xsd="http://www.w3.org/2001/XMLSchema" xmlns:xsi="http://www.w3.org/2001/XMLSchema-instance">
                <outputs xsi:type="a:IntegrationOutput?list"/>
            </a:Dictionary>
        </integrationOutputs>
        <isRequestResponseLoggingEnabled>false</isRequestResponseLoggingEnabled>
    </outboundIntegration>
    <roleMap public="true">
        <role inherit="true" allowForAll="false" name="readers">
            <users/>
            <groups/>
        </role>
        <role inherit="true" allowForAll="false" name="authors">
            <users/>
            <groups/>
        </role>
        <role inherit="true" allowForAll="false" name="administrators">
            <users/>
            <groups/>
        </role>
        <role inherit="false" allowForAll="false" name="denyReaders">
            <users/>
            <groups/>
        </role>
        <role inherit="false" allowForAll="false" name="denyAuthors">
            <users/>
            <groups/>
        </role>
        <role inherit="false" allowForAll="false" name="denyAdministrators">
            <users/>
            <groups/>
        </role>
    </roleMap>
    <typedValue>
        <type>
            <name>RuleTestConfig?list</name>
            <namespace>http://www.appian.com/ae/types/2009</namespace>
        </type>
        <value>
            <el>
                <a:name/>
                <a:ruleInputTestConfigs>
                    <a:value xmlns:xsd="http://www.w3.org/2001/XMLSchema" xmlns:xsi="http://www.w3.org/2001/XMLSchema-instance" xsi:type="xsd:string">APPN</a:value>
                    <a:nameRef>inputSymbol</a:nameRef>
                    <a:id/>
                </a:ruleInputTestConfigs>
                <a:ruleInputTestConfigs>
                    <a:value xmlns:xsi="http://www.w3.org/2001/XMLSchema-instance" xsi:type="a:Expression">null</a:value>
                    <a:nameRef>onSuccess</a:nameRef>
                    <a:id/>
                </a:ruleInputTestConfigs>
                <a:ruleInputTestConfigs>
                    <a:value xmlns:xsi="http://www.w3.org/2001/XMLSchema-instance" xsi:type="a:Expression">null</a:value>
                    <a:nameRef>onError</a:nameRef>
                    <a:id/>
                </a:ruleInputTestConfigs>
                <a:assertions xmlns:xsi="http://www.w3.org/2001/XMLSchema-instance" xsi:nil="true"/>
            </el>
        </value>
    </typedValue>
    <history>
        <historyInfo versionUuid="_a-0000ea1b-c5ba-8000-9ba9-011c48011c48_10390"/>
    </history>
</contentHaul>
