<?xml version="1.0" encoding="UTF-8" standalone="yes"?>
<groupHaul xmlns:a="http://www.appian.com/ae/types/2009">
    <versionUuid>9a59bb30-e4fc-472d-b71e-8bd3ce4b1358</versionUuid>
    <group>
        <name>RRNRD Users</name>
        <securityMap>SECURITYMAP_TEAM</securityMap>
        <uuid>9a59bb30-e4fc-472d-b71e-8bd3ce4b1358</uuid>
        <groupTypeUuid>SYSTEM_GROUP_TYPE_CUSTOM</groupTypeUuid>
        <description>Assigns Viewer permissions to users for objects in the application</description>
        <delegatedCreation>false</delegatedCreation>
        <memberPolicy>MEMBERPOLICY_CLOSED</memberPolicy>
        <viewingPolicy>VIEWINGPOLICY_LOW</viewingPolicy>
        <attributes/>
    </group>
    <members>
        <users/>
        <groups>
            <groupUuid>bb6fcd0b-1f43-4a7b-99cd-7e83b5dc706c</groupUuid>
        </groups>
    </members>
    <admins>
        <users/>
        <groups>
            <groupUuid>bb6fcd0b-1f43-4a7b-99cd-7e83b5dc706c</groupUuid>
        </groups>
    </admins>
    <ruleSet/>
    <history>
        <historyInfo versionUuid="9a59bb30-e4fc-472d-b71e-8bd3ce4b1358"/>
    </history>
</groupHaul>
