<?xml version="1.0" encoding="UTF-8" standalone="yes"?>
<groupHaul xmlns:a="http://www.appian.com/ae/types/2009">
    <versionUuid>bb6fcd0b-1f43-4a7b-99cd-7e83b5dc706c</versionUuid>
    <group>
        <name>RRNRD Administrators</name>
        <securityMap>SECURITYMAP_TEAM</securityMap>
        <uuid>bb6fcd0b-1f43-4a7b-99cd-7e83b5dc706c</uuid>
        <groupTypeUuid>SYSTEM_GROUP_TYPE_CUSTOM</groupTypeUuid>
        <description>Assigns Administrator permissions to users for objects in the application</description>
        <delegatedCreation>false</delegatedCreation>
        <memberPolicy>MEMBERPOLICY_CLOSED</memberPolicy>
        <viewingPolicy>VIEWINGPOLICY_LOW</viewingPolicy>
        <attributes/>
    </group>
    <members>
        <users/>
        <groups/>
    </members>
    <admins>
        <users/>
        <groups>
            <groupUuid>bb6fcd0b-1f43-4a7b-99cd-7e83b5dc706c</groupUuid>
        </groups>
    </admins>
    <ruleSet/>
    <history>
        <historyInfo versionUuid="bb6fcd0b-1f43-4a7b-99cd-7e83b5dc706c"/>
    </history>
</groupHaul>
