<?xml version="1.0" encoding="UTF-8"?>

<aiSkillRemoteHaul xmlns:a="http://www.appian.com/ae/types/2009">
  <versionUuid>c8c212b4-e5b9-4bd3-8c07-e1da4845bc64</versionUuid>
  <remoteDesignObject>
    <uuid>8e3994f0-0fc1-4ebe-8fc1-d6caa2f2f93b</uuid>
    <name>RRNRD_Test</name>
    <description>Test</description>
    <content><![CDATA[{"id":"8e3994f0-0fc1-4ebe-8fc1-d6caa2f2f93b"}]]></content>
    <parameterizedProperties></parameterizedProperties>
    <exportVersion>1.0.0</exportVersion>
    </remoteDesignObject>
  <roleMap>
    <role name="VIEWER">
      <users></users>
      <groups>
        <groupUuid>9a59bb30-e4fc-472d-b71e-8bd3ce4b1358</groupUuid>
        </groups>
      </role>
    <role name="ADMINISTRATOR">
      <users></users>
      <groups>
        <groupUuid>bb6fcd0b-1f43-4a7b-99cd-7e83b5dc706c</groupUuid>
        </groups>
      </role>
    </roleMap>
  <history></history>
  </aiSkillRemoteHaul>